{"chatParticipants.description":"Сведения об удаленном доступе — SSH и диагностика проблем с подключением","commands.addNewSshHost.title":"Добавить новый узел SSH...","commands.cleanCurrentRemoteServer.title":"Завершить работу текущего сервера VS Code","commands.cleanDevBox.title":"Удалить сервер VS Code с узла...","commands.cleanLocalServer.title":"Завершить работу локального сервера подключений для узла...","commands.cleanRemoteServer.title":"Завершить работу сервера VS Code на узле…","commands.clearAllSessionHints.title":"Очистить метаданные предыдущего сеанса (используется для расширенных отчетов об ошибках)","commands.getHelp.title":"Справка","commands.getStarted.title":"Начало работы с SSH","commands.openConfigFile.title":"Открыть файл конфигурации SSH...","commands.openEmptyWindow,title":"Подключение к узлу…","commands.openEmptyWindowInCurrentWindow.title":"Подключить текущее окно к узлу...","commands.openEmptyWindowOnCurrentHost.title":"Новое окно на активном узле","commands.openWebUI.title":"Открыть веб-интерфейс","commands.provideFeedback.title":"Отправить отзыв","commands.reportIssue.title":"Сообщить о проблеме…","commands.settings.title":"Параметры","commands.showLog.title":"Показать журнал","description":"Откройте любую папку на удаленном компьютере с помощью SSH и пользуйтесь полным набором функций VS Code.","setting.allowLocalServerDownload.deprecationMessage":"Не рекомендуется, используйте `#remote.SSH.localServerDownload#`","setting.allowLocalServerDownload.description":"Если не удается скачать сервер VS Code на узле, это позволяет расширению вернуться к загрузке на клиенте и передать его на узел с помощью SCP.","setting.bindHost.description":"Настраивает узел, к которому будет привязываться сервер VS Code на удаленном сервере. По умолчанию используется localhost IPv4, и изменять его на другой узел следует только в сложных случаях.","setting.configFile.description":"Абсолютный путь к пользовательскому файлу конфигурации SSH.","setting.connectTimeout.description":"Указывает время ожидания в секундах, используемое для команды SSH, которая подключается к удаленному устройству.","setting.defaultExtensions.description":"Список расширений, которые должны быть установлены автоматически на всех узлах SSH.","setting.defaultForwardedPorts.description":"Список портов для переадресации при установлении соединения.","setting.enableAgentForwarding.description":"Включите исправление удаленной среды, чтобы параметр конфигурации SSH «ForwardAgent» вступал в силу, как ожидается, от удаленного узла расширения VS Code.","setting.enableDynamicForwarding.description":"Следует ли использовать динамическую переадресацию SSH, чтобы разрешить настройку новых туннелей портов через существующее SSH-подключение. При этом пароль нужно вводить только один раз для каждого удаленного окна.","setting.enableRemoteCommand.description":"**Экспериментальная функция:** включить использование RemoteCommands из записей конфигурации SSH. Это возможно только в том случае, если `#remote.SSH.useLocalServer#` также включен, а удаленный сервер, к которому вы пытаетесь подключиться, не указан в параметре `#remote.SSH.remotePlatform#`.","setting.enableX11Forwarding.description":"Включите исправление удаленной среды, чтобы параметр конфигурации SSH «ForwardX11» вступал в силу, как ожидается, от удаленного узла расширения VS Code.","setting.experimental.chat.description":"Включает экспериментального участника Чата Copilot.  Использование естественного языка для получения информации об удаленном доступе — SSH и диагностики проблем с подключением.  Для достижения наилучших результатов используйте программу предварительной оценки VS Code и убедитесь, что у вас установлена ​​последняя версия расширения Чат Copilot.","setting.experimental.enhancedSessionLogs.description":"Создание сводной таблицы проблем, обнаруженных в предыдущем сеансе.","setting.externalSSH_ASKPASS.description":"**Экспериментальная функция:** В режиме локального сервера (включено с `#remote.SSH.useLocalServer#`) Remote — SSH использует SSH_ASKPASS для назначения VS Code в качестве приложения для обработки запросов проверки подлинности; в этом режиме запросы ввода отображаются в VS Code. Однако если у вас есть внешнее приложение для обработки проверки подлинности, например YubiKey, может потребоваться задать SSH_ASKPASS для этого приложения. Если этот параметр включен, параметр Remote - SSH не будет переопределять существующее значение SSH_ASKPASS, если оно существует.","setting.httpProxy.description":"Задайте переменную среды \"http_proxy\".  Она будет настроена для установки и запуска удаленного сервера VS Code. Укажите строку, которую нужно настроить для всех узлов, или объект с конфигурацией для каждого узла. Завершите работу существующего сервера в удаленной среде, чтобы это изменение вступило в силу.","setting.httpsProxy.description":"Задайте переменную среды \"https_proxy\".  Она будет настроена для установки и запуска удаленного сервера VS Code. Укажите строку, которую нужно настроить для всех узлов, или объект с конфигурацией для каждого узла. Завершите работу существующего сервера в удаленной среде, чтобы это изменение вступило в силу.","setting.localServerDownload.always.description":"Сервер будет скачан только локально и перенесен на узел","setting.localServerDownload.auto.description":"Сначала сервер будет скачан на узле, а если это не удастся, будет выполнено локальное скачивание","setting.localServerDownload.description":"Может ли расширение скачать сервер VS Code на клиенте и передавать его на узел с помощью SCP вместо загрузки на узел.","setting.localServerDownload.manual-bootstrap.description":"**Дополнительно: этот параметр предлагается только в качестве обходного решения вручную для сред, не подключенных к Интернету.** Сервер загружается вручную (пользователем) и передается на узел (расширением) во время инициализации. За предоставление правильного сервера VS Code, соответствующего локальной версии VS Code и удаленной ОС/архитектуре, несет ответственность **пользователь**. Поместите сервер в архив **$HOME/vscode-remote-ssh-bootstrap/vscode-server.tar.gz**. _Несовместимо с 'remote.SSH.useExecServer' и удаленными узлами Windows._","setting.localServerDownload.off.description":"Сервер будет скачан только на узле","setting.lockfilesInTmp.description":"Следует ли сохранять файлы блокировки в папке «/tmp», а не в папке установки сервера. Полезно для подключения к узлам, у которых есть проблемы с блокировкой, например к узлам с домашним каталогом, использующим NFS или другую распределенную файловую систему.","setting.logLevel.description":"Уровень ведения журнала для расширения.","setting.maxReconnectionAttempts.description":"Максимальное количество попыток повторного подключения. Используйте 0, чтобы запретить повторное подключение, и «null», чтобы использовать максимум 8.","setting.path.description":"Абсолютный путь к исполняемому файлу SSH. Если он пуст, он будет использовать «SSH» в пути или в общих местах установки.","setting.permitPtyAllocation.description":"Разрешает системе выделять псевдо-терминал для SSH-подключения (пропуская флаг SSH-подключения \"-T\"). Этот параметр отключен по умолчанию и может быть включен для поддержки определенных вариантов использования.","setting.preconnect.description":"Execute the script at the provided path on **your local machine** before attempting an SSH connection. Provide a single string value to configure for all hosts, or provide an object with per-host configuration.  On Windows provide a **.ps1** script and on macOS/linux provide an executable **.sh** script.","setting.preferredLocalPortRange.description":"Диапазон **локальных** портов, которые предпочтительнее использовать для туннельного подключения SSH. Если в диапазоне не будет найден свободный порт, будет выдано сообщение об ошибке. Допустимые диапазоны вида «число-число», такие как «4000-5000»; ожидается, что первое число будет меньше следующего.","setting.remotePlatform.description":"Сопоставление имени удаленного узла с платформой для этого удаленного компьютера. Имя узла может содержать звездочку \"*\" для сопоставления с использованием подстановочного знака. Допустимые значения: \"linux\", \"macOS\", \"windows\". Примечание. Этот параметр скоро станет обязательным, когда будет отключен параметр `#remote.SSH.useLocalServer#`. В настоящее время он автоматически заполняется для успешных подключений, но не используется.","setting.remoteServerListenOnSocket.description":"Если задано значение true, удаленный сервер VS Code будет ожидать передачи данных по пути сокета, а не открывать порт. Действительно только для удаленных Linux и macOS. После переключения этого параметра запустите команду «Завершить работу сервера VS Code на узле...», чтобы он вступил в силу. Требуется OpenSSH 6.7+. Отключает режим мультиплексирования соединений «локальный сервер». Требуется включить параметр «AllowStreamLocalForwarding» для сервера SSH.","setting.serverInstallPath.description":"Сопоставление удаленного узла с абсолютным путем, где будет установлен сервер VS Code. По умолчанию сервер устанавливается в домашний каталог каждого удаленного компьютера. **Примечание**: изменив этот параметр, вам может потребоваться очистить другие установки `.vscode-server` на удаленном компьютере, которые не находятся на пути, который вы настроили.","setting.serverPickPortsFromRange.description":"Сопоставление имени удаленного узла с диапазоном портов, к которым вы бы предпочли, чтобы сервер подключался при запуске на **удаленном** компьютере. Если в диапазоне не будет найден свободный порт, будет выдано сообщение об ошибке. Допустимые диапазоны вида «число-число», такие как «4000-5000»; ожидается, что первое число будет меньше следующего.","setting.showLoginTerminal.description":"Всегда показывать терминал входа SSH.","setting.suppressWindowsSshWarning.description":"Из-за ошибки с обработкой паролей в некоторых версиях клиента SSH, связанного с Windows, расширение предпочитает клиент SSH, отличный от Windows, например, тот, который связан с GIT, и будет отображать предупреждение, когда другой не может быть найден. Этот параметр отключает это предупреждение.","setting.useCurlAndWgetConfigurationFiles.description":"Соблюдайте конфигурацию из файлов \"curlrc\" и \"wgetrc\" удаленной среды (размещенных в соответствующих расположениях по умолчанию).  Включение этого параметра может быть полезно в определенных случаях (например, конфигурация прокси-сервера), но может мешать работе этого расширения. Настройка может быть проигнорирована на платформах, не поддерживающих необходимые флаги (например, busybox).","setting.useExecServer.description":"Использует новый режим начальной загрузки при подключении к серверу. Можно отключить при проблемах с подключением.","setting.useFlock.description":"Следует ли использовать параметр «flock» для создания файлов блокировки на удаленных устройствах Linux вместо параметра «ln». По умолчанию «flock» используется на удаленных Linux, а «ln» на macOS.","setting.useLocalServer.description":"Включает режим для подключения с использованием одного соединения, общего для окон, и для перезагрузки окна. Это ускоряет открытие новых окон и сокращает количество вводимых паролей.","setting.windowsRemotes.deprecationMessage":"Не рекомендуется: вместо этого используйте `#remote.SSH.remotePlatorm#`.","setting.windowsRemotes.description":"**Не рекомендуется**. Включение экспериментальной поддержки подключения для удаленных устройств Windows. Добавьте имена удаленных устройств Windows в этот список."}
