{"chatParticipants.description":"£ëærñ æþøµt Rëmøtë - §§H æñð ðïægñøsë çøññëçtïøñ ïssµës","commands.addNewSshHost.title":"Æðð Ñëw §§H Høst...","commands.cleanCurrentRemoteServer.title":"Kïll Çµrrëñt V§ Çøðë §ërvër","commands.cleanDevBox.title":"Üñïñstæll V§ Çøðë §ërvër frøm Høst...","commands.cleanLocalServer.title":"Kïll £øçæl Çøññëçtïøñ §ërvër Før Høst...","commands.cleanRemoteServer.title":"Kïll V§ Çøðë §ërvër øñ Høst...","commands.clearAllSessionHints.title":"Çlëær prëvïøµs sëssïøñ mëtæðætæ (µsëð før ëñhæñçëð ërrør rëpørtïñg)","commands.getHelp.title":"Hëlp","commands.getStarted.title":"Gët §tærtëð wïth §§H","commands.openConfigFile.title":"Øpëñ §§H Çøñfïgµrætïøñ Fïlë...","commands.openEmptyWindow,title":"Çøññëçt tø Høst...","commands.openEmptyWindowInCurrentWindow.title":"Çøññëçt Çµrrëñt Wïñðøw tø Høst...","commands.openEmptyWindowOnCurrentHost.title":"Ñëw Wïñðøw øñ Æçtïvë Høst","commands.openWebUI.title":"Øpëñ Wëþ ÜÏ","commands.provideFeedback.title":"Prøvïðë Fëëðþæçk","commands.reportIssue.title":"Rëpørt Ïssµë...","commands.settings.title":"§ëttïñgs","commands.showLog.title":"§høw £øg","description":"Øpëñ æñÿ følðër øñ æ rëmøtë mæçhïñë µsïñg §§H æñð tækë æðvæñtægë øf V§ Çøðë's fµll fëætµrë sët.","setting.allowLocalServerDownload.deprecationMessage":"Ðëprëçætëð, plëæsë µsë `#remote.SSH.localServerDownload#`","setting.allowLocalServerDownload.description":"Ïf ðøwñløæðïñg thë V§ Çøðë sërvër fæïls øñ thë høst, thïs ælløws thë ëxtëñsïøñ tø fæll þæçk tø ðøwñløæðïñg øñ thë çlïëñt æñð træñsfërrïñg ït tø thë høst wïth sçp.","setting.bindHost.description":"Çøñfïgµrës thë høst thë V§ Çøðë sërvër wïll þïñð tø øñ thë rëmøtë sërvër. Ït ðëfæµlts tø ÏPv4 løçælhøst æñð shøµlð øñlÿ ñëëð møðïfïçætïøñ ïñ æðvæñçëð çæsës.","setting.configFile.description":"Thë æþsølµtë fïlë pæth tø æ çµstøm §§H çøñfïg fïlë.","setting.connectTimeout.description":"§pëçïfïës thë tïmëøµt ïñ sëçøñðs µsëð før thë §§H çømmæñð thæt çøññëçts tø thë rëmøtë.","setting.defaultExtensions.description":"£ïst øf ëxtëñsïøñs thæt shøµlð þë ïñstællëð æµtømætïçællÿ øñ æll §§H høsts.","setting.defaultForwardedPorts.description":"Æ lïst øf pørts tø førwærð whëñ thë çøññëçtïøñ ïs ëstæþlïshëð.","setting.enableAgentForwarding.description":"Ëñæþlë fïxïñg thë rëmøtë ëñvïrøñmëñt sø thæt thë §§H çøñfïg øptïøñ `FørwærðÆgëñt` wïll tækë ëffëçt æs ëxpëçtëð frøm V§ Çøðë's rëmøtë ëxtëñsïøñ høst.","setting.enableDynamicForwarding.description":"Whëthër tø µsë §§H ðÿñæmïç førwærðïñg tø ælløw sëttïñg µp ñëw pørt tµññëls øvër æñ ëxïstïñg §§H çøññëçtïøñ. Whëñ thïs ïs µsëð, æ pæsswørð øñlÿ ñëëðs tø þë ëñtërëð øñçë før ëæçh rëmøtë wïñðøw.","setting.enableRemoteCommand.description":"**Ëxpërïmëñtæl:** Ëñæþlë µsïñg RëmøtëÇømmæñðs frøm ssh çøñfïg ëñtrïës. Thïs ïs øñlÿ ëñæþlëð ïf `#remote.SSH.useLocalServer#` ïs ëñæþlëð æs wëll æñð thë rëmøtë ÿøµ ærë trÿïñg tø çøññëçt tø ïs ñøt lïstëð µñðër thë `#remote.SSH.remotePlatform#` sëttïñg.","setting.enableX11Forwarding.description":"Ëñæþlë fïxïñg thë rëmøtë ëñvïrøñmëñt sø thæt thë §§H çøñfïg øptïøñ `FørwærðX11` wïll tækë ëffëçt æs ëxpëçtëð frøm V§ Çøðë's rëmøtë ëxtëñsïøñ høst.","setting.experimental.chat.description":"Ëñæþlës æñ ëxpërïmëñtæl Çøpïløt Çhæt Pærtïçïpæñt.  Üsë ñætµræl læñgµægë tø lëærñ æþøµt Rëmøtë - §§H æñð ðïægñøsë çøññëçtïøñ ïssµës.  Før thë þëst ëxpërïëñçë, µsë V§ Çøðë Ïñsïðërs æñð ëñsµrë ÿøµ hævë thë lætëst Çøpïløt Çhæt ëxtëñsïøñ ïñstællëð.","setting.experimental.enhancedSessionLogs.description":"Gëñërætës æ sµmmærïzëð tæþlë øf ïssµës ðëtëçtëð frøm thë prëvïøµs sëssïøñ.","setting.externalSSH_ASKPASS.description":"**Ëxpërïmëñtæl:** Ïñ løçæl sërvër møðë (ëñæþlëð wïth `#remote.SSH.useLocalServer#`) Rëmøtë - §§H µsës §§H_Æ§KPÆ§§ tø sët V§ Çøðë æs thë æpplïçætïøñ tø hæñðlë æµthëñtïçætïøñ rëqµësts; thïs mækës prømpts før ïñpµt shøw µp ïñsïðë V§ Çøðë. Høwëvër, ïf ÿøµ hævë æñ ëxtërñæl æpplïçætïøñ tø hæñðlë æµthëñtïçætïøñ, sµçh æs æñ ÝµþïKëÿ, ÿøµ mæÿ wæñt tø sët §§H_Æ§KPÆ§§ tø ÿøµr æpplïçætïøñ ïñstëæð. Ïf ÿøµ ëñæþlë thïs sëttïñg thëñ Rëmøtë - §§H wøñ't øvërrïðë ÿøµr ëxïstïñg §§H_Æ§KPÆ§§ vælµë ïf øñë ëxïsts.","setting.httpProxy.description":"§ët thë 'http_prøxÿ' ëñvïrøñmëñt værïæþlë.  Thïs wïll þë sët før ïñstæll æñð læµñçh øf thë rëmøtë V§ Çøðë §ërvër. Prøvïðë æ strïñg tø sët før æll høsts, ør æñ øþjëçt wïth për-høst çøñfïgµrætïøñ. Kïll ëxïstïñg sërvër øñ thë rëmøtë før thïs sëttïñg tø tækë ëffëçt.","setting.httpsProxy.description":"§ët thë 'https_prøxÿ' ëñvïrøñmëñt værïæþlë.  Thïs wïll þë sët før ïñstæll æñð læµñçh øf thë rëmøtë V§ Çøðë §ërvër. Prøvïðë æ strïñg tø sët før æll høsts, ør æñ øþjëçt wïth për-høst çøñfïgµrætïøñ. Kïll ëxïstïñg sërvër øñ thë rëmøtë før thïs sëttïñg tø tækë ëffëçt.","setting.localServerDownload.always.description":"Thë sërvër wïll øñlÿ þë ðøwñløæðëð løçællÿ æñð træñsfërrëð tø thë høst","setting.localServerDownload.auto.description":"Thë sërvër wïll fïrst þë ðøwñløæðëð øñ thë høst, æñð ïf thæt fæïls, wïll fæll þæçk tø ðøwñløæðïñg løçællÿ","setting.localServerDownload.description":"Whëthër thë ëxtëñsïøñ çæñ ðøwñløæð thë V§ Çøðë §ërvër øñ thë çlïëñt æñð træñsfër ït tø thë høst wïth sçp, ïñstëæð øf ðøwñløæðïñg ït øñ thë høst.","setting.localServerDownload.manual-bootstrap.description":"**Æðvæñçëð: Thïs sëttïñg ïs øñlÿ sµggëstëð æs æ mæñµæl wørkærøµñð før ëñvïrøñmëñts thæt ærë ñøt çøññëçtëð tø thë ïñtërñët.** Thë sërvër ïs mæñµællÿ ðøwñløæðëð (þÿ thë µsër) æñð træñsfërrëð tø thë høst (þÿ thë ëxtëñsïøñ) ðµrïñg ïñïtïælïzætïøñ. Ït ïs thë **µsër's** rëspøñsïþïlïtÿ tø prøvïðë thë çørrëçt V§ Çøðë sërvër mætçhïñg thë løçæl V§ Çøðë çømmït æñð thë rëmøtë Ø§/ærçh. Plæçë thë sërvër æt **$HØMË/vsçøðë-rëmøtë-ssh-þøøtstræp/vsçøðë-sërvër.tær.gz**. _Ïñçømpætïþlë wïth 'rëmøtë.§§H.µsëËxëç§ërvër' æñð rëmøtë Wïñðøws høsts._","setting.localServerDownload.off.description":"Thë sërvër wïll øñlÿ þë ðøwñløæðëð øñ thë høst","setting.lockfilesInTmp.description":"Whëthër tø këëp løçkfïlës ïñ `/tmp` ïñstëæð øf ïñ thë sërvër's ïñstæll følðër. Üsëfµl før çøññëçtïñg tø høsts whïçh hævë ïssµës wïth løçkïñg, sµçh æs høsts wïth æ hømë ðïrëçtørÿ µsïñg ÑF§ ør æñøthër ðïstrïþµtëð fïlësÿstëm.","setting.logLevel.description":"Thë løg lëvël før thë ëxtëñsïøñ.","setting.maxReconnectionAttempts.description":"Thë mæxïmµm ñµmþër øf tïmës tø ættëmpt rëçøññëçtïøñ. Üsë 0 tø ðïsælløw rëçøññëçtïøñ, æñð `ñµll` tø µsë thë mæxïmµm øf 8.","setting.path.description":"Æñ æþsølµtë pæth tø thë §§H ëxëçµtæþlë. Whëñ ëmptÿ, ït wïll µsë \"ssh\" øñ thë pæth ør ïñ çømmøñ ïñstæll løçætïøñs.","setting.permitPtyAllocation.description":"Përmïts thë sÿstëm tø ælløçætë æ psëµðø-tërmïñæl før thë §§H çøññëçtïøñ (þÿ ømïttïñg thë '-T' §§H çøññëçtïøñ flæg). Thïs sëttïñg ïs ðïsæþlëð þÿ ðëfæµlt æñð mæÿ þë ëñæþlëð tø sµppørt spëçïfïç µsë-çæsës.","setting.preconnect.description":"Ëxëçµtë thë sçrïpt æt thë prøvïðëð pæth øñ **ÿøµr løçæl mæçhïñë** þëførë ættëmptïñg æñ §§H çøññëçtïøñ. Prøvïðë æ sïñglë strïñg vælµë tø çøñfïgµrë før æll høsts, ør prøvïðë æñ øþjëçt wïth për-høst çøñfïgµrætïøñ.  Øñ Wïñðøws prøvïðë æ **.ps1** sçrïpt æñð øñ mæçØ§/lïñµx prøvïðë æñ ëxëçµtæþlë **.sh** sçrïpt.","setting.preferredLocalPortRange.description":"Æ ræñgë øf **løçæl** pørts prëfërrëð tø µtïlïzë før thë §§H tµññël çøññëçtïøñ. Ïf ñø frëë pørt ïs føµñð ïñ ræñgë, æñ ërrør wïll þë thrøwñ. Vælïð ræñgës øf thë førm `ñµmþër-ñµmþër` sµçh æs `4000-5000`; ït's ëxpëçtëð thë fïrst ñµmþër wïll þë løwër thæñ thë ñëxt.","setting.remotePlatform.description":"Æ mæp øf thë rëmøtë høstñæmë tø thë plætførm før thæt rëmøtë. Thë høstñæmë mæÿ ïñçlµðë æ stær '*' tø wïlðçærð mætçh. Vælïð vælµës: `lïñµx`, `mæçØ§`, `wïñðøws`. Ñøtë - thïs sëttïñg wïll søøñ þë rëqµïrëð whëñ `#remote.SSH.useLocalServer#` ïs ðïsæþlëð, sø ït ïs çµrrëñtlÿ þëïñg æµtøpøpµlætëð før sµççëssfµl çøññëçtïøñs, þµt ïs ñøt çµrrëñtlÿ µsëð.","setting.remoteServerListenOnSocket.description":"Whëñ trµë, thë rëmøtë V§ Çøðë sërvër wïll lïstëñ øñ æ søçkët pæth ïñstëæð øf øpëñïñg æ pørt. Øñlÿ vælïð før £ïñµx æñð mæçØ§ rëmøtës. Æftër tøgglïñg thïs sëttïñg, rµñ thë çømmæñð \"Kïll V§ Çøðë §ërvër øñ Høst...\" før ït tø tækë ëffëçt. Rëqµïrës Øpëñ§§H 6.7+. Ðïsæþlës thë \"løçæl sërvër\" çøññëçtïøñ mµltïplëxïñg møðë. Rëqµïrës `Ælløw§trëæm£øçælFørwærðïñg` tø þë ëñæþlëð før thë §§H sërvër.","setting.serverInstallPath.description":"Æ mæp øf rëmøtë høst tø æþsølµtë pæth whërë thë V§ Çøðë sërvër wïll þë ïñstællëð. ßÿ ðëfæµlt thë sërvër ïs ïñstællëð ïñ thë hømë ðïrëçtørÿ øf ëvërÿ rëmøtë. **Ñøtë**: ßÿ çhæñgïñg thïs sëttïñg ÿøµ mæÿ ñëëð tø çlëæñ µp øthër ïñstællætïøñs øf `.vscode-server` øñ ÿøµr rëmøtë thæt ïsñ't ïñ thë pæth ÿøµ'vë çøñfïgµrëð.","setting.serverPickPortsFromRange.description":"Æ mæp øf thë rëmøtë høstñæmë tø æ ræñgë øf pørts ÿøµ'ð prëfër thë sërvër tø çøññëçt tø øñ læµñçh øñ thë **rëmøtë** mæçhïñë. Ïf ñø frëë pørt ïs føµñð ïñ ræñgë, æñ ërrør wïll þë thrøwñ. Vælïð ræñgës øf thë førm `ñµmþër-ñµmþër` sµçh æs `4000-5000`; ït's ëxpëçtëð thë fïrst ñµmþër wïll þë løwër thæñ thë ñëxt.","setting.showLoginTerminal.description":"Ælwæÿs rëvëæl thë §§H løgïñ tërmïñæl.","setting.suppressWindowsSshWarning.description":"Ðµë tø æ þµg wïth pæsswørð hæñðlïñg ïñ sømë vërsïøñs øf thë §§H çlïëñt þµñðlëð wïth Wïñðøws, thë ëxtëñsïøñ prëfërs æ ñøñ-Wïñðøws §§H çlïëñt, sµçh æs thë øñë þµñðlëð wïth Gït, æñð wïll shøw æ wærñïñg whëñ æñøthër øñë çæñ't þë føµñð. Thïs sëttïñg ðïsæþlës thæt wærñïñg.","setting.useCurlAndWgetConfigurationFiles.description":"Rëspëçt çøñfïgµrætïøñ frøm rëmøtë ëñvïrøñmëñt's 'çµrlrç' æñð 'wgëtrç' fïlës (plæçëð ïñ thëïr rëspëçtïvë ðëfæµlt løçætïøñs).  Ëñæþlïñg thïs sëttïñg mæÿ þë µsëfµl ïñ çërtæïñ çæsës (ï.ë: prøxÿ çøñfïgµrætïøñ) þµt çæñ ïñtërfërë wïth thïs ëxtëñsïøñ's øpërætïøñ. §ëttïñg mæÿ þë ïgñørëð øñ plætførms thæt ðø ñøt sµppørt thë ñëçëssærÿ flægs (ï.ë: þµsÿþøx).","setting.useExecServer.description":"Üsës thë æ ñëw þøøtstræppïñg møðë whëñ çøññëçtïñg tø æ sërvër. Çæñ þë tøgglëð øff ïñ thë ëvëñt øf çøññëçtïøñ ïssµës.","setting.useFlock.description":"Whëthër tø µsë `fløçk` før çrëætïñg løçkfïlës øñ £ïñµx rëmøtës ïñstëæð øf `lñ`. ßÿ ðëfæµlt, wë µsë `fløçk` øñ £ïñµx rëmøtës æñð `lñ` øñ mæçØ§.","setting.useLocalServer.description":"Ëñæþlës æ møðë før çøññëçtïñg µsïñg æ sïñglë çøññëçtïøñ shærëð þëtwëëñ wïñðøws æñð æçrøss wïñðøw rëløæðs. Thïs mækës ït fæstër tø øpëñ ñëw wïñðøws æñð rëðµçës thë ñµmþër øf tïmës æ pæsswørð ñëëðs tø þë ëñtërëð.","setting.windowsRemotes.deprecationMessage":"Ðëprëçætëð: Plëæsë µsë `#remote.SSH.remotePlatorm#` ïñstëæð","setting.windowsRemotes.description":"**Ðëprëçætëð**: Ëñæþlës ëxpërïmëñtæl sµppørt før çøññëçtïñg tø Wïñðøws rëmøtës. Æðð thë ñæmës øf wïñðøws rëmøtës tø thïs lïst."}
