{"chatParticipants.description":"了解 Remote - SSH 并诊断连接问题","commands.addNewSshHost.title":"添加新的 SSH 主机...","commands.cleanCurrentRemoteServer.title":"终止当前 VS Code 服务器","commands.cleanDevBox.title":"从主机卸载 VS Code 服务器...","commands.cleanLocalServer.title":"终止主机的本地连接服务器...","commands.cleanRemoteServer.title":"在主机上终止 VS Code 服务器...","commands.clearAllSessionHints.title":"清除以前的会话元数据(用于增强的错误报告)","commands.getHelp.title":"帮助","commands.getStarted.title":"SSH 入门","commands.openConfigFile.title":"打开 SSH 配置文件...","commands.openEmptyWindow,title":"连接到主机...","commands.openEmptyWindowInCurrentWindow.title":"将当前窗口连接到主机...","commands.openEmptyWindowOnCurrentHost.title":"活动主机上的新窗口","commands.openWebUI.title":"打开 Web UI","commands.provideFeedback.title":"提供反馈","commands.reportIssue.title":"报告问题…","commands.settings.title":"设置","commands.showLog.title":"显示日志","description":"使用 SSH 打开远程计算机上的任何文件夹，并利用 VS Code 的完整功能集。","setting.allowLocalServerDownload.deprecationMessage":"已弃用，请使用 `#remote.SSH.localServerDownload#`","setting.allowLocalServerDownload.description":"如果在主机上下载 VS Code 服务器失败，则允许扩展回退到客户端上下载，并使用 scp 将其传输到主机。","setting.bindHost.description":"配置远程服务器上 VS Code 服务器将绑定到的主机。它默认为 IPv4 localhost，并且只应在高级情况下需要修改。","setting.configFile.description":"自定义 SSH 配置文件的绝对文件路径。","setting.connectTimeout.description":"指定用于连接到远程的 SSH 命令的超时(以秒为单位)。","setting.defaultExtensions.description":"应在所有 SSH 主机上自动安装的扩展列表。","setting.defaultForwardedPorts.description":"建立连接时要转发的端口列表。","setting.enableAgentForwarding.description":"启用修复远程环境，以便 SSH 配置选项 \"ForwardAgent\" 将从 VS Code 的远程扩展主机按预期生效。","setting.enableDynamicForwarding.description":"是否使用 SSH 动态转发允许通过现有 SSH 连接设置新的端口隧道。使用此项时，只需为每个远程窗口输入一次密码。","setting.enableRemoteCommand.description":"**实验性:** 从 ssh 配置条目中启用使用 RemoteCommands。仅当 `#remote.SSH.useLocalServer#` 也已启用时才启用此功能，并且你尝试连接到的远程未列在 `#remote.SSH.remotePlatform#` 设置下。","setting.enableX11Forwarding.description":"启用修复远程环境，以便 SSH 配置选项 \"ForwardX11\" 将按预期从 VS Code 的远程扩展主机生效。","setting.experimental.chat.description":"启用实验性 Copilot 聊天参与者。使用自然语言了解 Remote - SSH 并诊断连接问题。为实现最佳体验，请使用 VS Code 预览体验计划，并确保已安装最新的 Copilot 聊天扩展。","setting.experimental.enhancedSessionLogs.description":"生成从上一个会话中检测到的问题的汇总表。","setting.externalSSH_ASKPASS.description":"**实验性: ** 在本地服务器模式下(已启用 `#remote.SSH.useLocalServer#`)远程 - SSH 使用 SSH_ASKPASS 将 VS Code 设置为应用程序来处理身份验证请求; 这会在 VS Code 中显示输入提示。但是，如果你有一个外部应用程序来处理身份验证，例如 YubiKey，则可能需要改为将 SSH_ASKPASS 设置为应用程序。如果启用此设置，则 Remote - SSH 不会覆盖现有 SSH_ASKPASS 值(如存在)。","setting.httpProxy.description":"设置“http_proxy”环境变量。此设置将用于远程 VS Code 服务器的安装和启动。提供一个字符串以设置用于所有主机，或提供一个包含每个主机配置的对象。要使此设置生效，请终止现有远程服务器。","setting.httpsProxy.description":"设置“https_proxy”环境变量。此设置将用于远程 VS Code 服务器的安装和启动。提供一个字符串以设置用于所有主机，或提供一个包含每个主机配置的对象。要使此设置生效，请终止现有远程服务器。","setting.localServerDownload.always.description":"服务器将仅在本地下载并传输到主机","setting.localServerDownload.auto.description":"服务器将首先下载到主机上，如果失败，则将回退到本地下载","setting.localServerDownload.description":"扩展是否可以在客户端上下载 VS Code 服务器，并使用 scp 将其传输到主机，而不是将其下载到主机上。","setting.localServerDownload.manual-bootstrap.description":"**高级: 仅建议将此设置作为手动解决方法应用于未连接到 Internet 的环境。** 在初始化期间，服务器将(由用户)手动下载并(由扩展)传输到主机。**用户** 应负责提供与本地 VS Code 提交和远程 OS/arch 匹配的正确 VS Code 服务器。将服务器置于 **$HOME/vscode-remote-ssh-bootstrap/vscode-server.tar.gz** 中。_与 'remote.SSH.useExecServer' 和 远程 Windows 主机不兼容。_","setting.localServerDownload.off.description":"服务器将仅下载到主机上","setting.lockfilesInTmp.description":"是否将锁文件保留在 \"/tmp\" 中，而不是保留在服务器的安装文件夹中。可用于连接到存在锁定问题的主机，例如使用 NFS 或其他分布式文件系统的主目录的主机。","setting.logLevel.description":"扩展的日志级别。","setting.maxReconnectionAttempts.description":"尝试重新连接的最大次数。使用 0 禁止重新连接，使用 \"null\" 最多使用 8 个。","setting.path.description":"SSH 可执行文件的绝对路径。如果为空，它将在路径或常见安装位置使用 \"ssh\" 。","setting.permitPtyAllocation.description":"允许系统为 SSH 连接分配一个伪终端(通过省略“-T”SSH 连接标志)。此设置默认处于禁用状态，可以启用该设置以支持特定用例。","setting.preconnect.description":"Execute the script at the provided path on **your local machine** before attempting an SSH connection. Provide a single string value to configure for all hosts, or provide an object with per-host configuration.  On Windows provide a **.ps1** script and on macOS/linux provide an executable **.sh** script.","setting.preferredLocalPortRange.description":"用于 SSH 隧道连接的**本地**端口范围。如果在范围内找不到可用端口，则会引发错误。格式为“number-number”的有效范围，例如“4000-5000”; 预计第一个数字将低于下一个数字。","setting.remotePlatform.description":"远程主机名到该远程平台的映射。主机名可能包含星号 \"*\" 以便通配符匹配。有效值: \"linux\"、\"macOS\"、\"windows\"。注意 - 当 `#remote.SSH.useLocalServer#` 被禁用，将很快需要此设定，因此当前正在为成功连接自动填充它，但当前未使用。","setting.remoteServerListenOnSocket.description":"如果可以，则远程 VS Code 服务器将侦听套接字路径，而不是打开端口。仅适用于 Linux 和 macOS 远程。切换此设置后，运行命令“在主机上终止VS Code服务器...”使其生效。需要 OpenSSH 6.7+。禁用“本地服务器”连接多路复用模式。要求为 SSH 服务器启用 \"AllowStreamLocalForwarding\"。","setting.serverInstallPath.description":"远程主机到将安装 VS Code 服务器的绝对路径的映射。默认情况下，服务器安装在每个远程的主目录中。**注意**: 通过更改此设置，可能需要清除远程上不在已配置路径中的其他 `.vscode-server` 安装。","setting.serverPickPortsFromRange.description":"远程主机名的映射，指向希望服务器在**远程**计算机上启动时连接到的一系列端口。如果在范围内找不到可用端口，则会引发错误。格式为“number-number”的有效范围，例如“4000-5000”; 预计第一个数字将低于下一个数字。","setting.showLoginTerminal.description":"始终显示 SSH 登录终端。","setting.suppressWindowsSshWarning.description":"由于与 Windows 捆绑的某些版本的 SSH 客户端中存在密码处理 bug，扩展首选非 Windows SSH 客户端，例如与 Git 捆绑的客户端，并且在找不到另一个客户端时会显示警告。此设置将禁用该警告。","setting.useCurlAndWgetConfigurationFiles.description":"遵从远程环境的 \"curlrc\" 和 \"wgetrc\" 文件(放置在各自的默认位置)的配置。在某些情况下，启用此设置可能会有用(例如，代理配置)，但可能会干扰此扩展的操作。在不支持必要标志的平台(例如 busybox)上，可能会忽略设置。","setting.useExecServer.description":"连接到服务器时使用新的引导模式。如果出现连接问题，可关闭此模式。","setting.useFlock.description":"是否使用 \"flock\" 在 Linux 远程而不是 \"ln\" 上创建锁文件。默认情况下，我们在 Linux 远程上使用 \"flock\"，在 macOS 上使用 \"ln\"。","setting.useLocalServer.description":"启用使用在窗口之间共享的单个连接和跨窗口重新加载进行连接的模式。这样可以更快地打开新窗口，并减少需要输入密码的次数。","setting.windowsRemotes.deprecationMessage":"已弃用: 请改为使用 `#remote.SSH.remotePlatorm#`","setting.windowsRemotes.description":"**已弃用**: 启用用于连接到 Windows 远程的实验性支持。将 Windows 远程设备的名称添加到此列表。"}
