{"events":{"ms-vscode-remote.remote-sshresolver":{"outcome":{"classification":"SystemMetaData","purpose":"PerformanceAndHealth"},"reason":{"classification":"SystemMetaData","purpose":"PerformanceAndHealth"},"exitcodelabel":{"classification":"SystemMetaData","purpose":"PerformanceAndHealth"},"exitcode":{"classification":"SystemMetaData","purpose":"PerformanceAndHealth","isMeasurement":true},"resolveattempts":{"classification":"SystemMetaData","purpose":"PerformanceAndHealth","isMeasurement":true},"retries":{"classification":"SystemMetaData","purpose":"PerformanceAndHealth","isMeasurement":true},"isexecserver":{"classification":"SystemMetaData","purpose":"FeatureInsight"},"timing.totalresolvetime":{"classification":"SystemMetaData","purpose":"PerformanceAndHealth","isMeasurement":true},"timing.presshtime":{"classification":"SystemMetaData","purpose":"PerformanceAndHealth","isMeasurement":true},"timing.scripttime":{"classification":"SystemMetaData","purpose":"PerformanceAndHealth","isMeasurement":true},"timing.downloadtime":{"classification":"SystemMetaData","purpose":"PerformanceAndHealth","isMeasurement":true},"timing.installtime":{"classification":"SystemMetaData","purpose":"PerformanceAndHealth","isMeasurement":true},"timing.extinstalltime":{"classification":"SystemMetaData","purpose":"PerformanceAndHealth","isMeasurement":true},"timing.serverstarttime":{"classification":"SystemMetaData","purpose":"PerformanceAndHealth","isMeasurement":true},"timing.localdownloadtime":{"classification":"SystemMetaData","purpose":"PerformanceAndHealth","isMeasurement":true},"timing.scptime":{"classification":"SystemMetaData","purpose":"PerformanceAndHealth","isMeasurement":true},"osreleaseid":{"classification":"SystemMetaData","purpose":"FeatureInsight"},"arch":{"classification":"SystemMetaData","purpose":"FeatureInsight"},"askedpw":{"classification":"SystemMetaData","purpose":"FeatureInsight"},"askedpassphrase":{"classification":"SystemMetaData","purpose":"FeatureInsight"},"asked2fa":{"classification":"SystemMetaData","purpose":"FeatureInsight"},"askedhostkey":{"classification":"SystemMetaData","purpose":"FeatureInsight"},"dynamicforwarding":{"classification":"SystemMetaData","purpose":"FeatureInsight"},"localserver":{"classification":"SystemMetaData","purpose":"FeatureInsight"},"gotunrecognizedprompt":{"classification":"SystemMetaData","purpose":"FeatureInsight"},"remoteinconfigfile":{"classification":"SystemMetaData","purpose":"FeatureInsight"},"didlocaldownload":{"classification":"SystemMetaData","purpose":"PerformanceAndHealth"},"installunpackcode":{"classification":"SystemMetaData","purpose":"PerformanceAndHealth"}},"ms-vscode-remote.remote-sshextraInfo":{"remotecloud":{"classification":"SystemMetaData","purpose":"FeatureInsight"}},"ms-vscode-remote.remote-sshcopilotChat":{"isdiagnosewithcopilotsession":{"classification":"SystemMetaData","purpose":"FeatureInsight"},"conversationhashistory":{"classification":"SystemMetaData","purpose":"FeatureInsight"}}},"commonProperties":{}}
